insert into Department (departmentId, departmentName) values ('1', 'Cardiology');
insert into Department (departmentId, departmentName) values ('2', 'Critical Care');
insert into Department (departmentId, departmentName) values ('3', 'Maternity');
insert into Department (departmentId, departmentName) values ('4', 'Neurology');
insert into Department (departmentId, departmentName) values ('5', 'Gastroenterology');
insert into Department (departmentId, departmentName) values ('6', 'Oncology');
insert into Department (departmentId, departmentName) values ('7', 'Physiotherapy');
insert into Department (departmentId, departmentName) values ('8', 'Rheumtology');
insert into Department (departmentId, departmentName) values ('9', 'Surgery');
insert into Department (departmentId, departmentName) values ('10', 'Gynaecology');
insert into Department (departmentId, departmentName) values ('11', 'Ear Nose Throat');

insert into Role (roleId, roleName) values ('1', 'Doctor');
insert into Role (roleId, roleName) values ('2', 'Nurse');

insert into Room (roomId, roomType, departmentID) values ('1', 'Standard', '1');
insert into Room (roomId, roomType, departmentID) values ('2', 'Standard', '1');
insert into Room (roomId, roomType, departmentID) values ('3', 'Standard', '1');
insert into Room (roomId, roomType, departmentID) values ('4', 'Standard', '2');
insert into Room (roomId, roomType, departmentID) values ('5', 'Standard', '2');
insert into Room (roomId, roomType, departmentID) values ('6', 'Standard', '2');
insert into Room (roomId, roomType, departmentID) values ('7', 'Standard', '3');
insert into Room (roomId, roomType, departmentID) values ('8', 'Standard', '3');
insert into Room (roomId, roomType, departmentID) values ('9', 'Standard', '3');
insert into Room (roomId, roomType, departmentID) values ('10', 'Standard', '4');
insert into Room (roomId, roomType, departmentID) values ('11', 'Standard', '4');
insert into Room (roomId, roomType, departmentID) values ('12', 'Standard', '4');
insert into Room (roomId, roomType, departmentID) values ('13', 'Standard', '4');
insert into Room (roomId, roomType, departmentID) values ('14', 'Standard', '4');
insert into Room (roomId, roomType, departmentID) values ('15', 'Standard', '5');
insert into Room (roomId, roomType, departmentID) values ('16', 'Standard', '5');
insert into Room (roomId, roomType, departmentID) values ('17', 'Standard', '5');
insert into Room (roomId, roomType, departmentID) values ('18', 'Standard', '5');
insert into Room (roomId, roomType, departmentID) values ('19', 'Standard', '5');
insert into Room (roomId, roomType, departmentID) values ('20', 'Standard', '6');
insert into Room (roomId, roomType, departmentID) values ('21', 'Standard', '6');
insert into Room (roomId, roomType, departmentID) values ('22', 'Standard', '6');
insert into Room (roomId, roomType, departmentID) values ('23', 'Standard', '6');
insert into Room (roomId, roomType, departmentID) values ('24', 'Standard', '6');
insert into Room (roomId, roomType, departmentID) values ('25', 'Standard', '6');
insert into Room (roomId, roomType, departmentID) values ('26', 'Standard', '7');
insert into Room (roomId, roomType, departmentID) values ('27', 'Standard', '7');
insert into Room (roomId, roomType, departmentID) values ('28', 'Standard', '7');
insert into Room (roomId, roomType, departmentID) values ('29', 'Standard', '7');
insert into Room (roomId, roomType, departmentID) values ('30', 'Standard', '7');
insert into Room (roomId, roomType, departmentID) values ('31', 'Standard', '7');
insert into Room (roomId, roomType, departmentID) values ('32', 'Standard', '8');
insert into Room (roomId, roomType, departmentID) values ('33', 'Standard', '8');
insert into Room (roomId, roomType, departmentID) values ('34', 'Standard', '8');
insert into Room (roomId, roomType, departmentID) values ('35', 'Standard', '8');
insert into Room (roomId, roomType, departmentID) values ('36', 'Standard', '8');
insert into Room (roomId, roomType, departmentID) values ('37', 'Standard', '9');
insert into Room (roomId, roomType, departmentID) values ('38', 'Standard', '9');
insert into Room (roomId, roomType, departmentID) values ('39', 'Standard', '9');
insert into Room (roomId, roomType, departmentID) values ('40', 'Standard', '9');
insert into Room (roomId, roomType, departmentID) values ('41', 'Standard', '9');
insert into Room (roomId, roomType, departmentID) values ('42', 'Standard', '10');
insert into Room (roomId, roomType, departmentID) values ('43', 'Standard', '10');
insert into Room (roomId, roomType, departmentID) values ('44', 'Standard', '10');
insert into Room (roomId, roomType, departmentID) values ('45', 'Standard', '10');
insert into Room (roomId, roomType, departmentID) values ('46', 'Standard', '11');
insert into Room (roomId, roomType, departmentID) values ('47', 'Standard', '11');
insert into Room (roomId, roomType, departmentID) values ('48', 'Standard', '11');
insert into Room (roomId, roomType, departmentID) values ('49', 'Standard', '11');
insert into Room (roomId, roomType, departmentID) values ('50', 'Standard', '11');
insert into Room (roomId, roomType, departmentID) values ('51', 'Semi Private', '1');
insert into Room (roomId, roomType, departmentID) values ('52', 'Semi Private', '1');
insert into Room (roomId, roomType, departmentID) values ('53', 'Semi Private', '1');
insert into Room (roomId, roomType, departmentID) values ('54', 'Semi Private', '1');
insert into Room (roomId, roomType, departmentID) values ('55', 'Semi Private', '1');
insert into Room (roomId, roomType, departmentID) values ('56', 'Semi Private', '1');
insert into Room (roomId, roomType, departmentID) values ('57', 'Semi Private', '1');
insert into Room (roomId, roomType, departmentID) values ('58', 'Semi Private', '2');
insert into Room (roomId, roomType, departmentID) values ('59', 'Semi Private', '2');
insert into Room (roomId, roomType, departmentID) values ('60', 'Semi Private', '2');
insert into Room (roomId, roomType, departmentID) values ('61', 'Semi Private', '2');
insert into Room (roomId, roomType, departmentID) values ('62', 'Semi Private', '2');
insert into Room (roomId, roomType, departmentID) values ('63', 'Semi Private', '2');
insert into Room (roomId, roomType, departmentID) values ('64', 'Semi Private', '3');
insert into Room (roomId, roomType, departmentID) values ('65', 'Semi Private', '3');
insert into Room (roomId, roomType, departmentID) values ('66', 'Semi Private', '3');
insert into Room (roomId, roomType, departmentID) values ('67', 'Semi Private', '3');
insert into Room (roomId, roomType, departmentID) values ('68', 'Semi Private', '4');
insert into Room (roomId, roomType, departmentID) values ('69', 'Semi Private', '4');
insert into Room (roomId, roomType, departmentID) values ('70', 'Semi Private', '4');
insert into Room (roomId, roomType, departmentID) values ('71', 'Semi Private', '4');
insert into Room (roomId, roomType, departmentID) values ('72', 'Semi Private', '5');
insert into Room (roomId, roomType, departmentID) values ('73', 'Semi Private', '5');
insert into Room (roomId, roomType, departmentID) values ('74', 'Semi Private', '5');
insert into Room (roomId, roomType, departmentID) values ('75', 'Semi Private', '5');
insert into Room (roomId, roomType, departmentID) values ('76', 'Semi Private', '5');
insert into Room (roomId, roomType, departmentID) values ('77', 'Semi Private', '6');
insert into Room (roomId, roomType, departmentID) values ('78', 'Semi Private', '6');
insert into Room (roomId, roomType, departmentID) values ('79', 'Semi Private', '6');
insert into Room (roomId, roomType, departmentID) values ('80', 'Semi Private', '6');
insert into Room (roomId, roomType, departmentID) values ('81', 'Semi Private', '7');
insert into Room (roomId, roomType, departmentID) values ('82', 'Semi Private', '7');
insert into Room (roomId, roomType, departmentID) values ('83', 'Semi Private', '7');
insert into Room (roomId, roomType, departmentID) values ('84', 'Semi Private', '7');
insert into Room (roomId, roomType, departmentID) values ('85', 'Semi Private', '8');
insert into Room (roomId, roomType, departmentID) values ('86', 'Semi Private', '8');
insert into Room (roomId, roomType, departmentID) values ('87', 'Semi Private', '8');
insert into Room (roomId, roomType, departmentID) values ('88', 'Semi Private', '8');
insert into Room (roomId, roomType, departmentID) values ('89', 'Semi Private', '9');
insert into Room (roomId, roomType, departmentID) values ('90', 'Semi Private', '9');
insert into Room (roomId, roomType, departmentID) values ('91', 'Semi Private', '9');
insert into Room (roomId, roomType, departmentID) values ('92', 'Semi Private', '9');
insert into Room (roomId, roomType, departmentID) values ('93', 'Semi Private', '10');
insert into Room (roomId, roomType, departmentID) values ('94', 'Semi Private', '10');
insert into Room (roomId, roomType, departmentID) values ('95', 'Semi Private', '10');
insert into Room (roomId, roomType, departmentID) values ('96', 'Semi Private', '10');
insert into Room (roomId, roomType, departmentID) values ('97', 'Semi Private', '11');
insert into Room (roomId, roomType, departmentID) values ('98', 'Semi Private', '11');
insert into Room (roomId, roomType, departmentID) values ('99', 'Semi Private', '11');
insert into Room (roomId, roomType, departmentID) values ('100', 'Semi Private', '11');
insert into Room (roomId, roomType, departmentID) values ('101', 'Private', '1');
insert into Room (roomId, roomType, departmentID) values ('102', 'Private', '1');
insert into Room (roomId, roomType, departmentID) values ('103', 'Private', '2');
insert into Room (roomId, roomType, departmentID) values ('104', 'Private', '2');
insert into Room (roomId, roomType, departmentID) values ('105', 'Private', '3');
insert into Room (roomId, roomType, departmentID) values ('106', 'Private', '3');
insert into Room (roomId, roomType, departmentID) values ('107', 'Private', '3');
insert into Room (roomId, roomType, departmentID) values ('108', 'Private', '3');
insert into Room (roomId, roomType, departmentID) values ('109', 'Private', '4');
insert into Room (roomId, roomType, departmentID) values ('110', 'Private', '4');
insert into Room (roomId, roomType, departmentID) values ('111', 'Private', '5');
insert into Room (roomId, roomType, departmentID) values ('112', 'Private', '5');
insert into Room (roomId, roomType, departmentID) values ('113', 'Private', '5');
insert into Room (roomId, roomType, departmentID) values ('114', 'Private', '5');
insert into Room (roomId, roomType, departmentID) values ('115', 'Private', '5');
insert into Room (roomId, roomType, departmentID) values ('116', 'Private', '6');
insert into Room (roomId, roomType, departmentID) values ('117', 'Private', '6');
insert into Room (roomId, roomType, departmentID) values ('118', 'Private', '6');
insert into Room (roomId, roomType, departmentID) values ('119', 'Private', '6');
insert into Room (roomId, roomType, departmentID) values ('120', 'Private', '6');
insert into Room (roomId, roomType, departmentID) values ('121', 'Private', '7');
insert into Room (roomId, roomType, departmentID) values ('122', 'Private', '7');
insert into Room (roomId, roomType, departmentID) values ('123', 'Private', '7');
insert into Room (roomId, roomType, departmentID) values ('124', 'Private', '7');
insert into Room (roomId, roomType, departmentID) values ('125', 'Private', '7');
insert into Room (roomId, roomType, departmentID) values ('126', 'Private', '7');
insert into Room (roomId, roomType, departmentID) values ('127', 'Private', '7');
insert into Room (roomId, roomType, departmentID) values ('128', 'Private', '7');
insert into Room (roomId, roomType, departmentID) values ('129', 'Private', '7');
insert into Room (roomId, roomType, departmentID) values ('130', 'Private', '8');
insert into Room (roomId, roomType, departmentID) values ('131', 'Private', '8');
insert into Room (roomId, roomType, departmentID) values ('132', 'Private', '8');
insert into Room (roomId, roomType, departmentID) values ('133', 'Private', '8');
insert into Room (roomId, roomType, departmentID) values ('134', 'Private', '8');
insert into Room (roomId, roomType, departmentID) values ('135', 'Private', '8');
insert into Room (roomId, roomType, departmentID) values ('136', 'Private', '9');
insert into Room (roomId, roomType, departmentID) values ('137', 'Private', '9');
insert into Room (roomId, roomType, departmentID) values ('138', 'Private', '9');
insert into Room (roomId, roomType, departmentID) values ('139', 'Private', '9');
insert into Room (roomId, roomType, departmentID) values ('140', 'Private', '9');
insert into Room (roomId, roomType, departmentID) values ('141', 'Private', '10');
insert into Room (roomId, roomType, departmentID) values ('142', 'Private', '10');
insert into Room (roomId, roomType, departmentID) values ('143', 'Private', '10');
insert into Room (roomId, roomType, departmentID) values ('144', 'Private', '10');
insert into Room (roomId, roomType, departmentID) values ('145', 'Private', '10');
insert into Room (roomId, roomType, departmentID) values ('146', 'Private', '11');
insert into Room (roomId, roomType, departmentID) values ('147', 'Private', '11');
insert into Room (roomId, roomType, departmentID) values ('148', 'Private', '11');
insert into Room (roomId, roomType, departmentID) values ('149', 'Private', '11');
insert into Room (roomId, roomType, departmentID) values ('150', 'Private', '11');



